Dataset,Split,ID_Frase,Texto_Original,Tokens_SentencePiece,Total_Tokens_SP,Cant_Fragmentos_SP,Fragmentos_Detectados_SP,¿Tiene_OOV_SP?
CoNLL2002,train,0,"Melbourne ( Australia ) , 25 may ( EFE ) .","['▁Melbourne', '▁(', '▁Australia', '▁', ')', '▁', ',', '▁25', '▁may', '▁(', '▁E', 'FE', '▁', ')', '▁', '.']",16,12,"['▁Melbourne', '▁(', '▁Australia', '▁', '▁', '▁25', '▁may', '▁(', '▁E', 'FE', '▁', '▁']",No
CoNLL2002,train,1,-,"['▁', '-']",2,1,['▁'],No
CoNLL2002,train,2,"El Abogado General del Estado , Daryl Williams , subrayó hoy la necesidad de tomar medidas para proteger al sistema judicial australiano frente a una página de internet que imposibilita el cumplimiento de los principios básicos de la Ley .","['▁El', '▁Ab', 'oga', 'd', 'o', '▁General', '▁de', 'l', '▁Est', 'a', 'd', 'o', '▁', ',', '▁Da', 'ryl', '▁Williams', '▁', ',', '▁sub', 'ray', 'ó', '▁ho', 'y', '▁la', '▁nec', 'e', 's', 'idad', '▁de', '▁to', 'mar', '▁', 'medi', 'das', '▁para', '▁prote', 'ger', '▁al', '▁sistem', 'a', '▁', 'judicial', '▁australia', 'n', 'o', '▁fr', 'ente', '▁', 'a', '▁un', 'a', '▁', 'p', 'á', 'gina', '▁de', '▁internet', '▁que', '▁imposibil', 'it', 'a', '▁', 'e', 'l', '▁cum', 'pli', 'm', 'ient', 'o', '▁de', '▁los', '▁prin', 'cip', 'i', 'o', 's', '▁', 'b', 'á', 's', 'ico', 's', '▁de', '▁la', '▁Le', 'y', '▁', '.']",89,86,"['▁El', '▁Ab', 'oga', 'd', 'o', '▁General', '▁de', 'l', '▁Est', 'a', 'd', 'o', '▁', '▁Da', 'ryl', '▁Williams', '▁', '▁sub', 'ray', 'ó', '▁ho', 'y', '▁la', '▁nec', 'e', 's', 'idad', '▁de', '▁to', 'mar', '▁', 'medi', 'das', '▁para', '▁prote', 'ger', '▁al', '▁sistem', 'a', '▁', 'judicial', '▁australia', 'n', 'o', '▁fr', 'ente', '▁', 'a', '▁un', 'a', '▁', 'p', 'á', 'gina', '▁de', '▁internet', '▁que', '▁imposibil', 'it', 'a', '▁', 'e', 'l', '▁cum', 'pli', 'm', 'ient', 'o', '▁de', '▁los', '▁prin', 'cip', 'i', 'o', 's', '▁', 'b', 'á', 's', 'ico', 's', '▁de', '▁la', '▁Le', 'y', '▁']",No
CoNLL2002,validation,0,"Sao Paulo ( Brasil ) , 23 may ( EFECOM ) .","['▁Sa', 'o', '▁Paul', 'o', '▁(', '▁Bra', 's', 'il', '▁', ')', '▁', ',', '▁23', '▁may', '▁(', '▁E', 'FE', 'COM', '▁', ')', '▁', '.']",22,18,"['▁Sa', 'o', '▁Paul', 'o', '▁(', '▁Bra', 's', 'il', '▁', '▁', '▁23', '▁may', '▁(', '▁E', 'FE', 'COM', '▁', '▁']",No
CoNLL2002,validation,1,-,"['▁', '-']",2,1,['▁'],No
CoNLL2002,validation,2,"La multinacional española Telefónica ha impuesto un récord mundial al poner en servicio tres millones de nuevas líneas en el estado brasileño de Sao Paulo desde que asumió el control de la operadora Telesp hace 20 meses , anunció hoy el presidente de Telefónica do Brasil , Fernando Xavier Ferreira .","['▁La', '▁multi', 'nac', 'ional', '▁esp', 'a', 'ñ', 'o', 'la', '▁Tele', 'f', 'ón', 'ica', '▁ha', '▁imp', 'u', 'est', 'o', '▁un', '▁ré', 'cord', '▁mun', 'dial', '▁al', '▁po', 'ner', '▁', 'en', '▁', 'serv', 'ici', 'o', '▁', 'tre', 's', '▁mill', 'one', 's', '▁de', '▁nu', 'eva', 's', '▁', 'l', 'í', 'n', 'e', 'a', 's', '▁', 'en', '▁', 'e', 'l', '▁est', 'a', 'd', 'o', '▁bra', 's', 'ile', 'ñ', 'o', '▁de', '▁Sa', 'o', '▁Paul', 'o', '▁des', 'de', '▁que', '▁as', 'um', 'i', 'ó', '▁', 'e', 'l', '▁control', '▁de', '▁la', '▁oper', 'ador', 'a', '▁Tele', 's', 'p', '▁ha', 'ce', '▁20', '▁me', 'ses', '▁', ',', '▁an', 'unci', 'ó', '▁ho', 'y', '▁', 'e', 'l', '▁president', 'e', '▁de', '▁Tele', 'f', 'ón', 'ica', '▁do', '▁Bra', 's', 'il', '▁', ',', '▁Fernando', '▁', 'X', 'a', 'vier', '▁Ferr', 'eira', '▁', '.']",124,121,"['▁La', '▁multi', 'nac', 'ional', '▁esp', 'a', 'ñ', 'o', 'la', '▁Tele', 'f', 'ón', 'ica', '▁ha', '▁imp', 'u', 'est', 'o', '▁un', '▁ré', 'cord', '▁mun', 'dial', '▁al', '▁po', 'ner', '▁', 'en', '▁', 'serv', 'ici', 'o', '▁', 'tre', 's', '▁mill', 'one', 's', '▁de', '▁nu', 'eva', 's', '▁', 'l', 'í', 'n', 'e', 'a', 's', '▁', 'en', '▁', 'e', 'l', '▁est', 'a', 'd', 'o', '▁bra', 's', 'ile', 'ñ', 'o', '▁de', '▁Sa', 'o', '▁Paul', 'o', '▁des', 'de', '▁que', '▁as', 'um', 'i', 'ó', '▁', 'e', 'l', '▁control', '▁de', '▁la', '▁oper', 'ador', 'a', '▁Tele', 's', 'p', '▁ha', 'ce', '▁20', '▁me', 'ses', '▁', '▁an', 'unci', 'ó', '▁ho', 'y', '▁', 'e', 'l', '▁president', 'e', '▁de', '▁Tele', 'f', 'ón', 'ica', '▁do', '▁Bra', 's', 'il', '▁', '▁Fernando', '▁', 'X', 'a', 'vier', '▁Ferr', 'eira', '▁']",No
CoNLL2002,test,0,"La Coruña , 23 may ( EFECOM ) .","['▁La', '▁Cor', 'u', 'ñ', 'a', '▁', ',', '▁23', '▁may', '▁(', '▁E', 'FE', 'COM', '▁', ')', '▁', '.']",17,14,"['▁La', '▁Cor', 'u', 'ñ', 'a', '▁', '▁23', '▁may', '▁(', '▁E', 'FE', 'COM', '▁', '▁']",No
CoNLL2002,test,1,-,"['▁', '-']",2,1,['▁'],No
CoNLL2002,test,2,"Las reservas "" on line "" de billetes aéreos a través de Internet aumentaron en España un 300 por ciento en el primer trimestre de este año con respecto al mismo período de 1999 , aseguró hoy Iñigo García Aranda , responsable de comunicación de Savia Amadeus .","['▁Las', '▁', 're', 'serv', 'a', 's', '▁""', '▁on', '▁line', '▁""', '▁de', '▁billet', 'e', 's', '▁', 'a', 'é', 're', 'o', 's', '▁', 'a', '▁', 'tra', 'vé', 's', '▁de', '▁Internet', '▁au', 'ment', 'ar', 'on', '▁', 'en', '▁Espa', 'ñ', 'a', '▁un', '▁300', '▁por', '▁', 'c', 'ient', 'o', '▁', 'en', '▁', 'e', 'l', '▁primer', '▁trimestre', '▁de', '▁este', '▁', 'a', 'ñ', 'o', '▁con', '▁respect', 'o', '▁al', '▁mis', 'm', 'o', '▁per', 'í', 'o', 'd', 'o', '▁de', '▁1999', '▁', ',', '▁as', 'e', 'gur', 'ó', '▁ho', 'y', '▁I', 'ñ', 'i', 'go', '▁Gar', 'c', 'í', 'a', '▁Ar', 'and', 'a', '▁', ',', '▁responsable', '▁de', '▁comunic', 'a', 'ción', '▁de', '▁Sa', 'via', '▁A', 'made', 'us', '▁', '.']",105,102,"['▁Las', '▁', 're', 'serv', 'a', 's', '▁""', '▁on', '▁line', '▁""', '▁de', '▁billet', 'e', 's', '▁', 'a', 'é', 're', 'o', 's', '▁', 'a', '▁', 'tra', 'vé', 's', '▁de', '▁Internet', '▁au', 'ment', 'ar', 'on', '▁', 'en', '▁Espa', 'ñ', 'a', '▁un', '▁300', '▁por', '▁', 'c', 'ient', 'o', '▁', 'en', '▁', 'e', 'l', '▁primer', '▁trimestre', '▁de', '▁este', '▁', 'a', 'ñ', 'o', '▁con', '▁respect', 'o', '▁al', '▁mis', 'm', 'o', '▁per', 'í', 'o', 'd', 'o', '▁de', '▁1999', '▁', '▁as', 'e', 'gur', 'ó', '▁ho', 'y', '▁I', 'ñ', 'i', 'go', '▁Gar', 'c', 'í', 'a', '▁Ar', 'and', 'a', '▁', '▁responsable', '▁de', '▁comunic', 'a', 'ción', '▁de', '▁Sa', 'via', '▁A', 'made', 'us', '▁']",No
AnCora,train,0,La Guardia Civil rescató a algunos vecinos de sus casas .,"['▁La', '▁Guard', 'i', 'a', '▁Civil', '▁', 're', 's', 'cat', 'ó', '▁', 'a', '▁al', 'gu', 'nos', '▁vecin', 'o', 's', '▁de', '▁sus', '▁casa', 's', '▁', '.']",24,23,"['▁La', '▁Guard', 'i', 'a', '▁Civil', '▁', 're', 's', 'cat', 'ó', '▁', 'a', '▁al', 'gu', 'nos', '▁vecin', 'o', 's', '▁de', '▁sus', '▁casa', 's', '▁']",No
AnCora,train,1,"Desde el martes 24 las relaciones entre ambos se habían enturbiado a raíz de unas declaraciones realizadas por el diputado del Partido Nacionalista Vasco ( PNV ) , que había acusado a la independentista catalana de corrupta por participar cobrando en tertulias radiofónicas .","['▁Des', 'de', '▁', 'e', 'l', '▁mar', 'tes', '▁24', '▁la', 's', '▁rel', 'a', 'ciones', '▁entre', '▁', 'a', 'mbo', 's', '▁se', '▁hab', 'í', 'an', '▁', 'en', 'tur', 'bia', 'd', 'o', '▁', 'a', '▁', 'r', 'a', 'í', 'z', '▁de', '▁un', 'a', 's', '▁declar', 'a', 'ciones', '▁realiza', 'das', '▁por', '▁', 'e', 'l', '▁di', 'put', 'a', 'd', 'o', '▁de', 'l', '▁Part', 'i', 'd', 'o', '▁Na', 'c', 'ional', 'ist', 'a', '▁Vas', 'co', '▁(', '▁P', 'NV', '▁', ')', '▁', ',', '▁que', '▁hab', 'í', 'a', '▁', 'a', 'cu', 's', 'a', 'd', 'o', '▁', 'a', '▁la', '▁independent', 'ist', 'a', '▁cat', 'a', 'lan', 'a', '▁de', '▁corrupt', 'a', '▁por', '▁participa', 'r', '▁co', 'brand', 'o', '▁', 'en', '▁', 'ter', 'tul', 'i', 'a', 's', '▁radio', 'f', 'ón', 'ica', 's', '▁', '.']",118,115,"['▁Des', 'de', '▁', 'e', 'l', '▁mar', 'tes', '▁24', '▁la', 's', '▁rel', 'a', 'ciones', '▁entre', '▁', 'a', 'mbo', 's', '▁se', '▁hab', 'í', 'an', '▁', 'en', 'tur', 'bia', 'd', 'o', '▁', 'a', '▁', 'r', 'a', 'í', 'z', '▁de', '▁un', 'a', 's', '▁declar', 'a', 'ciones', '▁realiza', 'das', '▁por', '▁', 'e', 'l', '▁di', 'put', 'a', 'd', 'o', '▁de', 'l', '▁Part', 'i', 'd', 'o', '▁Na', 'c', 'ional', 'ist', 'a', '▁Vas', 'co', '▁(', '▁P', 'NV', '▁', '▁', '▁que', '▁hab', 'í', 'a', '▁', 'a', 'cu', 's', 'a', 'd', 'o', '▁', 'a', '▁la', '▁independent', 'ist', 'a', '▁cat', 'a', 'lan', 'a', '▁de', '▁corrupt', 'a', '▁por', '▁participa', 'r', '▁co', 'brand', 'o', '▁', 'en', '▁', 'ter', 'tul', 'i', 'a', 's', '▁radio', 'f', 'ón', 'ica', 's', '▁']",No
AnCora,train,2,El gobernador de Texas y candidato presidencial republicano también fue detenido brevemente cuando era estudiante debido a conducta desordenada durante un partido universitario de fútbol americano .,"['▁El', '▁go', 'ber', 'n', 'ador', '▁de', '▁Texas', '▁', 'y', '▁candidat', 'o', '▁pre', 'side', 'n', 'cial', '▁republic', 'an', 'o', '▁tamb', 'i', 'é', 'n', '▁fu', 'e', '▁de', 'ten', 'i', 'd', 'o', '▁', 'bre', 've', 'ment', 'e', '▁cu', 'and', 'o', '▁', 'era', '▁est', 'udi', 'ante', '▁de', 'bid', 'o', '▁', 'a', '▁conduct', 'a', '▁des', 'or', 'de', 'nada', '▁', 'durant', 'e', '▁un', '▁partid', 'o', '▁universitar', 'i', 'o', '▁de', '▁', 'f', 'ú', 't', 'bol', '▁american', 'o', '▁', '.']",72,71,"['▁El', '▁go', 'ber', 'n', 'ador', '▁de', '▁Texas', '▁', 'y', '▁candidat', 'o', '▁pre', 'side', 'n', 'cial', '▁republic', 'an', 'o', '▁tamb', 'i', 'é', 'n', '▁fu', 'e', '▁de', 'ten', 'i', 'd', 'o', '▁', 'bre', 've', 'ment', 'e', '▁cu', 'and', 'o', '▁', 'era', '▁est', 'udi', 'ante', '▁de', 'bid', 'o', '▁', 'a', '▁conduct', 'a', '▁des', 'or', 'de', 'nada', '▁', 'durant', 'e', '▁un', '▁partid', 'o', '▁universitar', 'i', 'o', '▁de', '▁', 'f', 'ú', 't', 'bol', '▁american', 'o', '▁']",No
AnCora,validation,0,"Con la intención de avanzar en esa senda , el primer ministro británico , Tony Blair , empezará mañana una gira por Pakistán y la India .","['▁Con', '▁la', '▁in', 'ten', 'ción', '▁de', '▁', 'a', 'van', 'zar', '▁', 'en', '▁', 'e', 's', 'a', '▁send', 'a', '▁', ',', '▁', 'e', 'l', '▁primer', '▁mini', 'stro', '▁', 'bri', 't', 'án', 'ico', '▁', ',', '▁Tony', '▁Blair', '▁', ',', '▁emp', 'e', 'zar', 'á', '▁ma', 'ñ', 'an', 'a', '▁un', 'a', '▁', 'gir', 'a', '▁por', '▁Pa', 'k', 'ist', 'án', '▁', 'y', '▁la', '▁India', '▁', '.']",61,57,"['▁Con', '▁la', '▁in', 'ten', 'ción', '▁de', '▁', 'a', 'van', 'zar', '▁', 'en', '▁', 'e', 's', 'a', '▁send', 'a', '▁', '▁', 'e', 'l', '▁primer', '▁mini', 'stro', '▁', 'bri', 't', 'án', 'ico', '▁', '▁Tony', '▁Blair', '▁', '▁emp', 'e', 'zar', 'á', '▁ma', 'ñ', 'an', 'a', '▁un', 'a', '▁', 'gir', 'a', '▁por', '▁Pa', 'k', 'ist', 'án', '▁', 'y', '▁la', '▁India', '▁']",No
AnCora,validation,1,"- - Lo fui cuando estuve en ella , en la política .","['▁', '-', '▁', '-', '▁Lo', '▁fu', 'i', '▁cu', 'and', 'o', '▁est', 'u', 've', '▁', 'en', '▁', 'ella', '▁', ',', '▁', 'en', '▁la', '▁', 'pol', 'í', 'tica', '▁', '.']",28,24,"['▁', '▁', '▁Lo', '▁fu', 'i', '▁cu', 'and', 'o', '▁est', 'u', 've', '▁', 'en', '▁', 'ella', '▁', '▁', 'en', '▁la', '▁', 'pol', 'í', 'tica', '▁']",No
AnCora,validation,2,"Pero las campañas políticas norteamericanas son mucho más que las cenas , fiestas y globos .","['▁Per', 'o', '▁la', 's', '▁camp', 'a', 'ñ', 'a', 's', '▁', 'pol', 'í', 'tica', 's', '▁nor', 't', 'e', 'america', 'n', 'a', 's', '▁son', '▁much', 'o', '▁', 'más', '▁que', '▁la', 's', '▁ce', 'n', 'a', 's', '▁', ',', '▁fie', 'sta', 's', '▁', 'y', '▁', 'glob', 'o', 's', '▁', '.']",46,44,"['▁Per', 'o', '▁la', 's', '▁camp', 'a', 'ñ', 'a', 's', '▁', 'pol', 'í', 'tica', 's', '▁nor', 't', 'e', 'america', 'n', 'a', 's', '▁son', '▁much', 'o', '▁', 'más', '▁que', '▁la', 's', '▁ce', 'n', 'a', 's', '▁', '▁fie', 'sta', 's', '▁', 'y', '▁', 'glob', 'o', 's', '▁']",No
AnCora,test,0,Los manifestantes centraron sus consignas en exigir al Gobierno medidas para luchar contra el desempleo .,"['▁Los', '▁manifest', 'antes', '▁centr', 'ar', 'on', '▁sus', '▁con', 'sign', 'a', 's', '▁', 'en', '▁exig', 'i', 'r', '▁al', '▁G', 'obi', 'er', 'n', 'o', '▁', 'medi', 'das', '▁para', '▁', 'luc', 'har', '▁contra', '▁', 'e', 'l', '▁des', 'e', 'mple', 'o', '▁', '.']",39,38,"['▁Los', '▁manifest', 'antes', '▁centr', 'ar', 'on', '▁sus', '▁con', 'sign', 'a', 's', '▁', 'en', '▁exig', 'i', 'r', '▁al', '▁G', 'obi', 'er', 'n', 'o', '▁', 'medi', 'das', '▁para', '▁', 'luc', 'har', '▁contra', '▁', 'e', 'l', '▁des', 'e', 'mple', 'o', '▁']",No
AnCora,test,1,""" Ha sido un triunfo de todo el equipo y el que necesitábamos para comenzar la fase final con la moral alta "" , destacó el entrenador de los Spurs , Gregg Popovich .","['▁""', '▁Ha', '▁si', 'd', 'o', '▁un', '▁tri', 'un', 'f', 'o', '▁de', '▁to', 'd', 'o', '▁', 'e', 'l', '▁equip', 'o', '▁', 'y', '▁', 'e', 'l', '▁que', '▁nec', 'e', 's', 'it', 'á', 'b', 'a', 'mos', '▁para', '▁come', 'n', 'zar', '▁la', '▁', 'f', 'a', 's', 'e', '▁final', '▁con', '▁la', '▁moral', '▁alta', '▁""', '▁', ',', '▁de', 'sta', 'c', 'ó', '▁', 'e', 'l', '▁entre', 'n', 'ador', '▁de', '▁los', '▁Spur', 's', '▁', ',', '▁Greg', 'g', '▁Pop', 'ovic', 'h', '▁', '.']",74,71,"['▁""', '▁Ha', '▁si', 'd', 'o', '▁un', '▁tri', 'un', 'f', 'o', '▁de', '▁to', 'd', 'o', '▁', 'e', 'l', '▁equip', 'o', '▁', 'y', '▁', 'e', 'l', '▁que', '▁nec', 'e', 's', 'it', 'á', 'b', 'a', 'mos', '▁para', '▁come', 'n', 'zar', '▁la', '▁', 'f', 'a', 's', 'e', '▁final', '▁con', '▁la', '▁moral', '▁alta', '▁""', '▁', '▁de', 'sta', 'c', 'ó', '▁', 'e', 'l', '▁entre', 'n', 'ador', '▁de', '▁los', '▁Spur', 's', '▁', '▁Greg', 'g', '▁Pop', 'ovic', 'h', '▁']",No
AnCora,test,2,"A una aerolínea estadounidense , cuyo nombre Leiva no precisó , y a la local Isleña Airlines se les impuso sanciones similares por la misma causa .","['▁A', '▁un', 'a', '▁aero', 'l', 'í', 'n', 'e', 'a', '▁est', 'a', 'd', 'o', 'un', 'i', 'd', 'ense', '▁', ',', '▁cu', 'y', 'o', '▁nombre', '▁Le', 'iva', '▁no', '▁precis', 'ó', '▁', ',', '▁', 'y', '▁', 'a', '▁la', '▁local', '▁Isle', 'ñ', 'a', '▁Airlines', '▁se', '▁les', '▁impus', 'o', '▁', 's', 'an', 'ciones', '▁similar', 'e', 's', '▁por', '▁la', '▁mis', 'm', 'a', '▁ca', 'us', 'a', '▁', '.']",61,58,"['▁A', '▁un', 'a', '▁aero', 'l', 'í', 'n', 'e', 'a', '▁est', 'a', 'd', 'o', 'un', 'i', 'd', 'ense', '▁', '▁cu', 'y', 'o', '▁nombre', '▁Le', 'iva', '▁no', '▁precis', 'ó', '▁', '▁', 'y', '▁', 'a', '▁la', '▁local', '▁Isle', 'ñ', 'a', '▁Airlines', '▁se', '▁les', '▁impus', 'o', '▁', 's', 'an', 'ciones', '▁similar', 'e', 's', '▁por', '▁la', '▁mis', 'm', 'a', '▁ca', 'us', 'a', '▁']",No
